ray_azimuth_deg,crossing,n_crossings,lon,lat,dist_from_viewer_km,hwy_chainage_from_shafter_km
228.931,1,3,-104.1904417,30.0415092,39.3561,29.5372
228.931,2,3,-104.1930576,30.0395150,39.6915,29.2008
228.931,3,3,-104.1948389,30.0381570,39.9200,28.9710
229.431,1,1,-104.1828017,30.0513186,38.0868,30.8509
229.931,1,1,-104.1809281,30.0566235,37.5676,31.4673
230.431,1,1,-104.1785467,30.0621892,36.9953,32.1301
230.931,1,1,-104.1684708,30.0730998,35.4765,33.6856
231.431,1,1,-104.1687594,30.0764777,35.2627,34.0668
231.931,1,1,-104.1694057,30.0795682,35.0984,34.4150
232.431,1,1,-104.1700780,30.0826087,34.9421,34.7583
232.931,1,1,-104.1704196,30.0858371,34.7506,35.1211
233.431,1,1,-104.1676762,30.0910287,34.1932,35.7556
233.931,1,1,-104.1412492,30.1111859,30.8166,39.1501
234.431,1,1,-104.1360943,30.1173932,30.0105,39.9990
234.931,1,1,-104.1314413,30.1231372,29.2759,40.7779
235.431,1,1,-104.1266608,30.1288168,28.5377,41.5581
235.931,1,1,-104.1224436,30.1340231,27.8761,42.2640
236.431,1,1,-104.1182627,30.1390829,27.2287,42.9546
236.931,1,1,-104.1123876,30.1449839,26.3959,43.8216
237.431,1,1,-104.1057786,30.1511377,25.4906,44.7548
237.931,1,1,-104.0996633,30.1568527,24.6536,45.6199
238.431,1,1,-104.0939311,30.1622069,23.8711,46.4306
238.931,1,1,-104.0883659,30.1673288,23.1176,47.2115
239.431,1,1,-104.0836645,30.1718674,22.4705,47.8888
239.931,1,1,-104.0815984,30.1749570,22.1255,48.2862
240.431,1,1,-104.0804719,30.1775191,21.8898,48.5903
240.931,1,1,-104.0794647,30.1799809,21.6713,48.8799
241.431,1,1,-104.0784843,30.1823909,21.4594,49.1633
241.931,1,1,-104.0775042,30.1847631,21.2513,49.4427
242.431,1,1,-104.0765327,30.1870944,21.0476,49.7176
242.931,1,1,-104.0756149,30.1893659,20.8532,49.9844
243.431,1,1,-104.0747410,30.1915841,20.6668,50.2443
243.931,1,1,-104.0738383,30.1937820,20.4806,50.5030
244.431,1,1,-104.0729409,30.1959453,20.2980,50.7580
244.931,1,1,-104.0721021,30.1980531,20.1248,51.0052
245.431,1,1,-104.0712385,30.2001408,19.9519,51.2511
245.931,1,1,-104.0703312,30.2022158,19.7772,51.4972
246.431,1,1,-104.0695458,30.2042145,19.6183,51.7313
246.931,1,1,-104.0687845,30.2061772,19.4646,51.9609
247.431,1,1,-104.0680093,30.2081188,19.3120,52.1887
247.931,1,1,-104.0672086,30.2100436,19.1594,52.4156
248.431,1,1,-104.0664279,30.2119357,19.0114,52.6384
248.931,1,1,-104.0656888,30.2137890,18.8701,52.8558
249.431,1,1,-104.0649325,30.2156242,18.7295,53.0719
249.931,1,1,-104.0641872,30.2174325,18.5923,53.2848
250.431,1,1,-104.0634565,30.2192134,18.4589,53.4944
250.931,1,1,-104.0627384,30.2209683,18.3291,53.7009
251.431,1,1,-104.0620054,30.2227062,18.1999,53.9061
251.931,1,1,-104.0612741,30.2244223,18.0730,54.1089
252.431,1,1,-104.0605548,30.2261142,17.9494,54.3089
252.931,1,1,-104.0598544,30.2277808,17.8298,54.5055
253.431,1,1,-104.0591631,30.2294254,17.7131,54.6996
253.931,1,1,-104.0584712,30.2310512,17.5983,54.8918
254.431,1,1,-104.0577811,30.2326579,17.4856,55.0819
254.931,1,1,-104.0571003,30.2342441,17.3757,55.2695
255.431,1,1,-104.0564286,30.2358105,17.2686,55.4548
255.931,1,1,-104.0557650,30.2373578,17.1640,55.6378
256.431,1,1,-104.0551065,30.2388871,17.0618,55.8188
256.931,1,1,-104.0544531,30.2403990,16.9617,55.9978
257.431,1,1,-104.0538073,30.2418934,16.8641,56.1748
257.931,1,1,-104.0531806,30.2433686,16.7701,56.3491
258.431,1,1,-104.0525649,30.2448267,16.6788,56.5213
258.931,1,1,-104.0519558,30.2462692,16.5897,56.6916
259.431,1,1,-104.0513478,30.2476974,16.5023,56.8604
259.931,1,1,-104.0507379,30.2491119,16.4162,57.0278
260.431,1,1,-104.0501343,30.2505119,16.3323,57.1935
260.931,1,1,-104.0495368,30.2518977,16.2504,57.3576
261.431,1,1,-104.0489496,30.2532693,16.1711,57.5198
261.931,1,1,-104.0483728,30.2546270,16.0942,57.6802
262.431,1,1,-104.0478014,30.2559719,16.0192,57.8391
262.931,1,1,-104.0472334,30.2573047,15.9460,57.9966
263.431,1,1,-104.0466702,30.2586255,15.8746,58.1528
263.931,1,1,-104.0461119,30.2599346,15.8050,58.3075
264.431,1,1,-104.0455584,30.2612323,15.7372,58.4609
264.931,1,1,-104.0449901,30.2625207,15.6693,58.6139
265.431,1,1,-104.0444218,30.2637983,15.6027,58.7657
265.931,1,1,-104.0438582,30.2650653,15.5379,58.9162
266.431,1,1,-104.0432919,30.2663223,15.4740,59.0659
266.931,1,1,-104.0426635,30.2675722,15.4054,59.2172
267.431,1,1,-104.0417144,30.2688244,15.3072,59.3834
267.931,1,1,-104.0407471,30.2700617,15.2085,59.5491
268.431,1,1,-104.0397359,30.2712846,15.1067,59.7160
268.931,1,1,-104.0388530,30.2724894,15.0185,59.8743
269.431,1,1,-104.0379271,30.2736808,14.9274,60.0337
269.931,1,1,-104.0369257,30.2748581,14.8301,60.1959
270.431,1,1,-104.0360280,30.2760207,14.7440,60.3511
270.931,1,1,-104.0351538,30.2771702,14.6612,60.5038
271.431,1,1,-104.0342760,30.2783066,14.5792,60.6555
271.931,1,1,-104.0333863,30.2794299,14.4971,60.8066
272.431,1,1,-104.0325051,30.2805406,14.4169,60.9561
272.931,1,1,-104.0316317,30.2816391,14.3385,61.1040
273.431,1,1,-104.0307677,30.2827257,14.2620,61.2504
273.931,1,1,-104.0299127,30.2838010,14.1874,61.3952
274.431,1,1,-104.0290666,30.2848651,14.1147,61.5385
274.931,1,1,-104.0282290,30.2859184,14.0437,61.6804
275.431,1,1,-104.0273997,30.2869613,13.9746,61.8209
275.931,1,1,-104.0265773,30.2879939,13.9070,61.9600
276.431,1,1,-104.0257626,30.2890166,13.8411,62.0979
276.931,1,1,-104.0250052,30.2900349,13.7817,62.2324
277.276,1,1,-104.0246191,30.2907472,13.7545,62.3197
